student_id,first_name,last_name,date_of_birth,gender,enrollment_date,guardian_contact,class_id,school_id
1,Tayo,Adeyemi,2021-05-12,Male,2025-09-01,8031234567,1,1
2,Bisi,Adeyemi,2021-05-12,Female,2025-09-01,8031234567,1,1
3,Chisom,Okafor,2022-02-10,Female,2025-09-01,7032221110,1,1
4,Obinna,Okafor,2020-11-30,Male,2025-01-12,7032221110,1,1
5,Amina,Musa,2021-08-15,Female,2025-09-01,9055554444,1,1
6,Umar,Musa,2021-08-15,Male,2025-09-01,9055554444,1,1
7,Zainab,Abdullahi,2022-03-04,Female,2025-04-20,8021112223,1,1
8,Fatima,Abdullahi,2020-05-20,Female,2025-09-01,8021112223,1,1
9,Tobi,Ajayi,2021-07-19,Male,2025-09-01,8123334445,1,1
10,Lola,Ajayi,2021-07-19,Female,2025-09-01,8123334445,1,1
11,Emeka,Nwachukwu,2021-01-15,Male,2025-09-01,7061112223,1,1
12,Chidi,Nwachukwu,2021-12-05,Male,2025-01-12,7061112223,1,1
13,Nneka,Eze,2022-06-10,Female,2025-04-22,8034445556,1,1
14,Kelechi,Eze,2020-02-28,Male,2025-09-01,8034445556,1,1
15,Ibrahim,Hassan,2021-04-12,Male,2025-09-01,9011110000,1,1
16,Segun,Olowu,2021-09-30,Male,2025-09-01,7055556667,1,1
17,Bunmi,Olowu,2022-01-15,Female,2025-04-15,7055556667,1,1
18,Tunde,Bakare,2020-12-10,Male,2025-09-01,8061119999,1,1
19,Damilola,Bakare,2021-10-10,Female,2025-09-01,8061119999,2,2
20,Bolaji,Bakare,2022-03-05,Male,2025-01-10,8061119999,2,2
21,Yetunde,Balogun,2020-05-15,Female,2025-09-01,8187778889,2,2
22,Folake,Balogun,2021-08-20,Female,2025-09-01,8187778889,2,2
23,Uche,Obi,2021-11-12,Male,2025-04-25,8090001112,2,2
24,Chinelo,Obi,2019-12-30,Female,2025-09-01,8090001112,2,2
25,Sade,Okonkwo,2021-02-14,Female,2025-09-01,9066667778,2,2
26,Chima,Okonkwo,2020-06-25,Male,2025-09-01,9066667778,2,2
27,Amaka,Anyanwu,2021-09-01,Female,2025-09-01,7015556666,2,2
28,Gozie,Anyanwu,2022-05-15,Male,2025-01-08,7015556666,2,2
29,Musa,Abubakar,2021-10-10,Male,2025-09-01,8051112223,2,2
30,Aisha,Abubakar,2020-01-15,Female,2025-09-01,8051112223,2,2
31,Efe,Osaze,2021-03-22,Female,2025-04-20,7012223334,2,2
32,Benson,Osaze,2022-11-11,Male,2025-09-01,7012223334,2,2
33,Ufuoma,Oki,2021-12-05,Female,2025-09-01,8157778888,2,2
34,Tarila,Oki,2020-08-14,Male,2025-09-01,8157778888,2,2
35,Tamuno,Dokubo,2021-07-07,Male,2025-01-15,8091112222,2,2
36,Boma,Briggs,2019-12-25,Female,2025-09-01,7013334444,2,2
37,Funmi,Ajayi,2019-04-10,Female,2023-09-01,9015556666,9,1
38,Segun,Ajayi,2018-11-15,Male,2023-09-01,9015556666,9,1
39,Yemi,Ogunleye,2018-06-05,Male,2023-09-01,8199990000,9,1
40,Bola,Ogunleye,2019-02-15,Female,2023-09-01,8199990000,9,1
41,Nonso,Eze,2017-08-01,Male,2023-09-01,8111112222,9,1
42,Kelechi,Eze,2019-05-10,Male,2024-01-12,8111112222,9,1
43,Kamsi,Okoro,2018-01-20,Female,2023-09-01,8031112222,9,1
44,Chisom,Okoro,2019-09-12,Female,2024-04-25,8031112222,9,1
45,Ayo,Adenuga,2018-03-15,Male,2023-09-01,8187778888,9,1
46,Titi,Adenuga,2019-05-01,Female,2024-01-15,8187778888,9,1
47,Soji,Olowu,2018-05-10,Male,2023-09-01,7049990000,9,1
48,Olabisi,Olowu,2019-12-10,Female,2024-04-10,7049990000,9,1
49,Nne,Obi,2018-07-05,Female,2023-09-01,7093334444,9,1
50,Chinelo,Obi,2019-10-15,Female,2023-09-01,7093334444,9,1
51,Efe,Igbinedion,2017-07-20,Male,2023-09-01,7081112222,9,1
52,Eseosa,Igbinedion,2019-04-12,Female,2024-01-10,7081112222,9,1
53,Ufuoma,Oki,2018-01-20,Female,2023-09-01,9133334444,9,1
54,Tarila,Oki,2019-07-20,Male,2023-09-01,9133334444,9,1
55,Terna,Iorver,2018-03-15,Male,2023-09-01,8055556666,9,1
56,Mfon,Iorver,2019-05-10,Female,2024-04-20,8055556666,9,1
57,Ekaette,Akpan,2018-05-10,Female,2023-09-01,7077778888,9,1
58,Etido,Akpan,2019-09-01,Male,2023-09-01,7077778888,9,1
59,Oche,Musa,2018-07-05,Male,2023-09-01,9099990000,9,1
60,Amina,Musa,2019-11-25,Female,2024-01-15,9099990000,9,1
61,Aminu,Sani,2017-05-12,Male,2022-09-01,8031112222,14,1
62,Danladi,Sani,2018-04-10,Male,2022-09-01,8031112222,14,1
63,Bunmi,Ajayi,2017-07-05,Female,2022-09-01,9015556666,14,1
64,Lola,Ajayi,2016-12-15,Female,2022-09-01,9015556666,14,1
65,Kayode,Ogunleye,2017-09-01,Male,2022-09-01,8199990000,14,1
66,Damilola,Ogunleye,2018-02-14,Male,2023-01-12,8199990000,14,1
67,Umar,Abdullahi,2017-01-10,Male,2022-09-01,8111112222,14,1
68,Fatima,Abdullahi,2016-08-30,Female,2022-09-01,8111112222,14,1
69,Blessing,Eze,2017-03-05,Female,2022-09-01,8111112222,14,1
70,Nonso,Eze,2018-05-12,Male,2023-04-20,8111112222,14,1
71,Chidinma,Okonkwo,2017-05-01,Female,2022-09-01,7063334444,14,1
72,Chima,Okonkwo,2016-11-15,Male,2022-09-01,7063334444,14,1
73,Jide,Adeyemi,2017-06-25,Male,2022-09-01,8031112222,14,1
74,Tayo,Adeyemi,2018-01-20,Male,2023-01-10,8031112222,14,1
75,Yinka,Balogun,2017-08-20,Female,2022-09-01,8187778888,14,1
76,Funmi,Balogun,2016-10-15,Female,2022-09-01,8187778888,14,1
77,Sadiq,Usman,2017-10-15,Male,2022-09-01,7059990000,14,1
78,Hadiza,Usman,2018-02-18,Female,2023-04-12,7059990000,14,1
79,Omawumi,Briggs,2017-12-10,Female,2022-09-01,9079990000,14,1
80,Boma,Briggs,2016-09-01,Female,2022-09-01,9079990000,14,1
81,Wura,Adeyemi,2017-02-05,Female,2022-09-01,8031112222,14,1
82,Ifeoma,Nwachukwu,2017-04-01,Female,2022-09-01,7061112223,14,1
83,Emeka,Nwachukwu,2016-11-20,Male,2022-09-01,7061112223,14,1
84,Gozie,Anyanwu,2017-05-25,Male,2022-09-01,7015556666,14,1
85,Amaka,Anyanwu,2018-03-12,Female,2023-01-15,7015556666,14,1
86,Hauwa,Abdullahi,2017-07-20,Female,2022-09-01,8021112223,14,1
87,Aliyu,Abdullahi,2016-01-15,Male,2022-09-01,8021112223,14,1
88,Jide,Kosoko,2016-09-15,Male,2021-09-01,7048884444,15,2
89,Wura,Abiola,2016-03-10,Female,2021-09-01,9099995555,15,2
90,Danladi,Jakande,2015-02-18,Male,2021-09-01,8133338888,15,2
91,Ngozi,Okoro,2016-05-05,Female,2021-09-01,8034445556,15,2
92,Eseosa,Igbinedion,2016-12-12,Female,2021-09-01,7055556667,15,2
93,Damilola,Ogunleye,2016-09-01,Male,2021-09-01,8187778889,15,2
94,Aminu,Sani,2015-04-20,Male,2021-09-01,8090001112,15,2
95,Chinelo,Obi,2015-08-15,Female,2021-09-01,7033334445,15,2
96,Folake,Balogun,2016-01-30,Female,2021-09-01,8024445556,15,2
97,Emeka,Anyanwu,2016-06-11,Male,2021-09-01,9066667778,15,2
98,Aisha,Bello,2015-10-05,Female,2021-09-01,8051112223,15,2
99,Ohenhen,Osaze,2016-03-22,Male,2021-09-01,7012223334,15,2
100,Titi,Adenuga,2016-02-14,Female,2021-09-01,8039998887,15,2
101,Ibrahim,Musa,2017-09-15,Male,2022-09-01,9177778888,14,1
102,Joy,Usman,2017-11-10,Female,2022-09-01,8199990000,14,1
103,Bola,Ogunleye,2016-01-20,Female,2021-09-01,8031112222,15,2
104,Chima,Okonkwo,2016-03-15,Male,2021-09-01,7063334444,15,2
105,Sade,Adenuga,2016-05-10,Female,2021-09-01,9015556666,15,2
106,Tunde,Adenuga,2017-11-05,Male,2022-01-12,9015556666,15,2
107,Aliyu,Abdullahi,2016-07-05,Male,2021-09-01,8187778888,15,2
108,Amaka,Anyanwu,2016-09-01,Female,2021-09-01,7049990000,15,2
109,Etido,Akpan,2016-11-25,Male,2021-09-01,8021112223,16,3
110,Itoro,Akpan,2015-10-12,Female,2021-09-01,8021112223,16,3
111,Tersoo,Iorver,2016-03-15,Male,2021-09-01,8055556666,16,3
112,Mfon,Iorver,2017-12-04,Female,2022-04-18,8055556666,16,3
113,Tamuno,Dokubo,2016-07-05,Male,2021-09-01,9099990000,16,3
114,Boma,Dokubo,2016-07-05,Female,2021-09-01,9099990000,16,3
115,Ebiere,Amadi,2016-11-25,Female,2021-09-01,8111112222,16,3
116,Tarila,Amadi,2017-08-14,Male,2022-01-10,8111112222,16,3
117,Zimako,Onuoha,2016-03-15,Male,2021-09-01,7133334444,16,3
118,Adaora,Onuoha,2015-09-20,Female,2021-09-01,7133334444,16,3
119,Tobi,Adeyemi,2016-12-20,Male,2021-09-01,8155556666,16,3
120,Lola,Adeyemi,2017-04-10,Female,2022-04-22,8155556666,16,3
121,Kemi,Balogun,2016-02-14,Female,2021-09-01,9177778888,16,3
122,Yemi,Balogun,2016-02-14,Male,2021-09-01,9177778888,16,3
123,Nonso,Eze,2016-06-05,Male,2021-09-01,8199990000,16,3
124,Kamsi,Eze,2017-03-15,Female,2022-01-10,8199990000,16,3
125,Soji,Olowu,2015-08-22,Male,2021-09-01,8031112222,16,3
126,Ekaette,Akpan,2016-04-10,Female,2021-09-01,7063334444,17,4
127,Etido,Akpan,2016-04-10,Male,2021-09-01,7063334444,17,4
128,Oche,Musa,2015-11-15,Male,2021-09-01,9015556666,17,4
129,Hauwa,Musa,2017-02-28,Female,2022-01-12,9015556666,17,4
130,Gozie,Anyanwu,2016-07-05,Male,2021-09-01,8187778888,17,4
131,Amaka,Anyanwu,2016-07-05,Female,2021-09-01,8187778888,17,4
132,Jide,Adeyemi,2015-09-12,Male,2021-09-01,7049990000,17,4
133,Yinka,Adeyemi,2017-05-20,Female,2022-04-15,7049990000,17,4
134,Sadiq,Usman,2016-01-10,Male,2021-09-01,8021112223,17,4
135,Hadiza,Usman,2016-01-10,Female,2021-09-01,8021112223,17,4
136,Omawumi,Briggs,2015-03-04,Female,2021-09-01,8055556666,17,4
137,Wura,Briggs,2016-08-22,Female,2021-09-01,8055556666,17,4
138,Ifeoma,Nwachukwu,2016-05-15,Female,2021-09-01,9099990000,17,4
139,Chidi,Nwachukwu,2017-10-10,Male,2022-09-01,9099990000,17,4
140,Danladi,Sani,2016-02-18,Male,2021-09-01,8111112222,17,4
141,Aminu,Sani,2015-12-05,Male,2021-09-01,8111112222,17,4
142,Bunmi,Ajayi,2016-04-12,Female,2021-09-01,7133334444,17,4
143,Funmi,Ajayi,2017-09-30,Female,2022-09-01,7133334444,17,4
144,Olabisi,Olowu,2016-06-25,Female,2021-09-01,8155556666,17,4
145,Babatunde,Olowu,2015-01-15,Male,2021-09-01,8155556666,17,4
146,Kayode,Ogunleye,2016-03-22,Male,2021-09-01,9177778888,18,5
147,Bola,Ogunleye,2017-08-12,Female,2022-09-01,9177778888,18,5
148,Umar,Abdullahi,2016-10-05,Male,2021-09-01,8199990000,18,5
149,Fatima,Abdullahi,2016-10-05,Female,2021-09-01,8199990000,18,5
150,Blessing,Eze,2015-04-14,Female,2021-09-01,8031112222,18,5
151,Kelechi,Eze,2017-02-20,Male,2022-01-10,8031112222,18,5
152,Chidinma,Okonkwo,2016-11-11,Female,2021-09-01,7063334444,18,5
153,Chima,Okonkwo,2015-12-30,Male,2021-09-01,7063334444,18,5
154,Tayo,Adeyemi,2016-07-07,Male,2021-09-01,9015556666,18,5
155,Femi,Adeyemi,2017-09-09,Male,2022-04-15,9015556666,18,5
156,Funke,Akindele,2016-03-04,Female,2021-09-01,8187778888,18,5
157,Segun,Ajayi,2015-11-20,Male,2021-09-01,7049990000,18,5
158,Lola,Ajayi,2017-05-15,Female,2022-09-01,7049990000,18,5
159,Yetunde,Balogun,2016-10-10,Female,2021-09-01,8021112223,18,5
160,Folake,Balogun,2016-10-10,Female,2021-09-01,8021112223,18,5
161,Uche,Obi,2015-08-25,Male,2021-09-01,8055556666,18,5
162,Chinelo,Obi,2017-03-30,Female,2022-04-20,8055556666,18,5
163,Sade,Okonkwo,2016-05-12,Female,2021-09-01,9099990000,18,5
164,Musa,Abubakar,2016-07-01,Male,2021-09-01,8111112222,18,5
165,Efe,Osaze,2015-09-14,Female,2021-09-01,7133334444,18,5
166,Obinna,Ikechukwu,2015-12-01,Male,2020-09-01,8031112222,19,1
167,Chisom,Ikechukwu,2016-10-15,Female,2021-01-10,8031112222,19,1
168,Amina,Bello,2015-05-20,Female,2020-09-01,7063334444,19,1
169,Sadiq,Bello,2016-11-05,Male,2021-09-01,7063334444,19,1
170,Tobi,Ajayi,2015-07-10,Male,2020-09-01,9015556666,19,1
171,Lola,Ajayi,2015-07-10,Female,2020-09-01,9015556666,19,1
172,Zainab,Musa,2016-02-15,Female,2021-01-12,8187778888,19,1
173,Abubakar,Musa,2014-12-30,Male,2020-09-01,8187778888,19,1
174,Emeka,Nwachukwu,2015-08-01,Male,2020-09-01,7049990000,19,1
175,Chidi,Nwachukwu,2016-05-10,Male,2021-09-01,7049990000,19,1
176,Funke,Akindele,2015-03-25,Female,2020-09-01,8021112223,19,1
177,Ibrahim,Hassan,2015-11-11,Male,2021-01-15,8055556666,19,1
178,Nneka,Eze,2015-01-20,Female,2020-09-01,9099990000,19,1
179,Kelechi,Eze,2016-09-12,Male,2021-09-01,9099990000,19,1
180,Segun,Olowu,2015-06-30,Male,2020-09-01,8111112222,19,1
181,Yetunde,Balogun,2015-04-12,Female,2020-09-01,7133334444,19,1
182,Uche,Obi,2015-10-25,Male,2021-01-10,8155556666,19,1
183,Bisi,Adenuga,2015-02-05,Female,2020-09-01,9177778888,19,1
184,Sade,Okonkwo,2015-07-22,Female,2020-09-01,8199990000,19,1
185,Musa,Abubakar,2015-09-14,Male,2020-09-01,8031112222,19,1
186,Efe,Osaze,2015-12-01,Female,2020-09-01,7063334444,19,1
187,Etido,Akpan,2015-05-10,Male,2020-09-01,9015556666,21,3
188,Itoro,Akpan,2015-05-10,Female,2020-09-01,9015556666,21,3
189,Tersoo,Iorver,2014-11-25,Male,2020-09-01,8187778888,21,3
190,Mfon,Iorver,2016-04-15,Female,2021-01-12,8187778888,21,3
191,Tamuno,Dokubo,2015-07-10,Male,2020-09-01,7049990000,21,3
192,Boma,Dokubo,2015-07-10,Female,2020-09-01,7049990000,21,3
193,Ebiere,Amadi,2016-02-14,Female,2021-04-18,8021112223,21,3
194,Tarila,Amadi,2014-10-05,Male,2020-09-01,8021112223,21,3
195,Zimako,Onuoha,2015-09-01,Male,2020-09-01,8055556666,21,3
196,Adaora,Onuoha,2015-09-01,Female,2020-09-01,8055556666,21,3
197,Tobi,Adeyemi,2014-12-31,Male,2020-09-01,9099990000,21,3
198,Lola,Adeyemi,2016-05-20,Female,2021-01-10,9099990000,21,3
199,Kemi,Balogun,2015-02-15,Female,2020-09-01,8111112222,21,3
200,Yemi,Balogun,2015-02-15,Male,2020-09-01,8111112222,21,3
201,Nonso,Eze,2014-08-01,Male,2020-09-01,8111112222,21,3
202,Kamsi,Eze,2015-11-25,Female,2021-01-10,8111112222,21,3
203,Ayo,Adenuga,2015-01-20,Male,2020-09-01,7041112222,21,3
204,Soji,Olowu,2015-03-15,Male,2020-09-01,8155556666,21,3
205,Nne,Obi,2015-05-10,Female,2020-09-01,7093334444,21,3
206,Efe,Osaze,2015-07-05,Female,2020-09-01,7012223334,21,3
207,Benson,Igbinedion,2015-09-01,Male,2020-09-01,7055556667,21,3
208,Ufuoma,Oki,2015-11-25,Female,2020-09-01,8157778888,21,3
209,Terna,Iorver,2015-01-20,Male,2020-09-01,8055556666,21,3
210,Ekaette,Akpan,2015-03-15,Female,2020-09-01,7077778888,21,3
211,Oche,Musa,2015-05-10,Male,2020-09-01,9055554444,22,4
212,Amina,Musa,2015-05-10,Female,2020-09-01,9055554444,22,4
213,Hauwa,Abdullahi,2014-01-20,Female,2020-09-01,8021112223,22,4
214,Aliyu,Abdullahi,2016-04-12,Male,2021-04-18,8021112223,22,4
215,Gozie,Anyanwu,2014-03-15,Male,2020-09-01,7015556666,22,4
216,Amaka,Anyanwu,2014-03-15,Female,2020-09-01,7015556666,22,4
217,Jide,Adeyemi,2014-05-10,Male,2020-09-01,8031234567,22,4
218,Bisi,Adeyemi,2015-12-04,Female,2021-01-15,8031234567,22,4
219,Yinka,Balogun,2014-07-05,Female,2020-09-01,8187778889,22,4
220,Folake,Balogun,2014-07-05,Female,2020-09-01,8187778889,22,4
221,Sadiq,Usman,2014-09-01,Male,2020-09-01,7059990000,22,4
222,Joy,Usman,2016-02-18,Female,2021-04-10,7059990000,22,4
223,Omawumi,Briggs,2014-11-25,Female,2020-09-01,9079990000,22,4
224,Boma,Briggs,2013-10-12,Female,2020-09-01,9079990000,22,4
225,Wura,Adeyemi,2014-01-20,Female,2020-09-01,8155556666,22,4
226,Tobi,Adeyemi,2015-09-20,Male,2021-01-10,8155556666,22,4
227,Ifeoma,Nwachukwu,2014-03-15,Female,2020-09-01,7061112223,22,4
228,Chidi,Nwachukwu,2014-03-15,Male,2020-09-01,7061112223,22,4
229,Danladi,Sani,2014-05-10,Male,2020-09-01,8031112222,22,4
230,Aminu,Sani,2015-11-30,Male,2021-01-12,8031112222,22,4
231,Bunmi,Ajayi,2014-07-05,Female,2020-09-01,9015556666,22,4
232,Lola,Ajayi,2014-07-05,Female,2020-09-01,9015556666,22,4
233,Olabisi,Olowu,2014-09-01,Female,2020-09-01,7049990000,23,3
234,Babatunde,Olowu,2013-12-10,Male,2020-09-01,7049990000,23,3
235,Kayode,Ogunleye,2014-11-25,Male,2020-09-01,8199990000,23,3
236,Bola,Ogunleye,2016-04-15,Female,2021-04-20,8199990000,23,3
237,Umar,Abdullahi,2014-01-20,Male,2020-09-01,8187778888,23,3
238,Fatima,Abdullahi,2014-01-20,Female,2020-09-01,8187778888,23,3
239,Blessing,Eze,2014-03-15,Female,2020-09-01,8111112222,23,3
240,Nonso,Eze,2015-10-25,Male,2021-01-08,8111112222,23,3
241,Chidinma,Okonkwo,2014-05-10,Female,2020-09-01,7063334444,23,3
242,Chima,Okonkwo,2013-08-14,Male,2020-09-01,7063334444,23,3
243,Tayo,Adeyemi,2014-07-05,Male,2020-09-01,8031234567,23,3
244,Femi,Adeyemi,2016-02-28,Male,2021-04-15,8031234567,23,3
245,Funke,Akindele,2014-09-01,Female,2020-09-01,8022223334,23,3
246,Segun,Ajayi,2014-11-25,Male,2020-09-01,8123334445,23,3
247,Lola,Ajayi,2014-11-25,Female,2020-09-01,8123334445,23,3
248,Yetunde,Balogun,2014-01-20,Female,2020-09-01,8187778889,23,3
249,Folake,Balogun,2015-12-04,Female,2021-01-12,8187778889,23,3
250,Uche,Obi,2014-03-15,Male,2020-09-01,8090001112,23,3
251,Chinelo,Obi,2014-03-15,Female,2020-09-01,8090001112,23,3
252,Sade,Okonkwo,2014-05-10,Female,2020-09-01,9066667778,23,3
253,Musa,Abubakar,2014-07-01,Male,2020-09-01,8051112223,23,3
254,Efe,Osaze,2014-09-14,Female,2020-09-01,7012223334,23,3
255,Obinna,Okafor,2013-05-12,Male,2019-09-01,7032221110,24,1
256,Chisom,Okafor,2013-05-12,Female,2019-09-01,7032221110,24,1
257,Kelechi,Iheanacho,2014-02-14,Male,2019-09-01,8039998887,24,1
258,Chioma,Iheanacho,2015-11-11,Female,2020-01-10,8039998887,24,1
259,Bolaji,Abdullahi,2014-07-07,Male,2019-09-01,8073334445,24,1
260,Fatima,Abdullahi,2014-07-07,Female,2019-09-01,8073334445,24,1
261,Damilola,Bakare,2013-09-09,Female,2019-09-01,8061119999,24,1
262,Tunde,Bakare,2015-04-04,Male,2020-04-20,8061119999,24,1
263,Chidi,Opara,2014-04-04,Male,2019-09-01,7082227777,24,1
264,Amaka,Opara,2014-04-04,Female,2019-09-01,7082227777,24,1
265,Sadiq,Umar,2013-01-01,Male,2019-09-01,8156662222,24,1
266,Hauwa,Umar,2015-05-15,Female,2020-01-15,8156662222,24,1
267,Jide,Kosoko,2014-11-20,Male,2019-09-01,7048884444,24,1
268,Wura,Kosoko,2014-03-10,Female,2019-09-01,7048884444,24,1
269,Gozie,Onu,2013-07-25,Male,2019-09-01,8031116666,24,1
270,Ifeoma,Onu,2013-12-05,Female,2019-09-01,8031116666,24,1
271,Danladi,Jakande,2014-02-18,Male,2019-09-01,8133338888,24,1
272,Aminu,Jakande,2015-09-12,Male,2020-01-12,8133338888,24,1
273,Funmi,Ajayi,2014-04-10,Female,2019-09-01,9015556666,25,2
274,Segun,Ajayi,2013-11-15,Male,2019-09-01,9015556666,25,2
275,Yemi,Ogunleye,2013-06-05,Male,2019-09-01,8199990000,25,2
276,Bola,Ogunleye,2014-02-15,Female,2019-09-01,8199990000,25,2
277,Nonso,Eze,2012-08-01,Male,2019-09-01,8111112222,25,2
278,Kamsi,Eze,2014-05-10,Female,2019-09-01,8111112222,25,2
279,Ayo,Adenuga,2013-03-15,Male,2019-09-01,8187778888,25,2
280,Titi,Adenuga,2014-05-01,Female,2019-09-01,8187778888,25,2
281,Soji,Olowu,2013-05-10,Male,2019-09-01,7049990000,25,2
282,Olabisi,Olowu,2014-12-10,Female,2019-09-01,7049990000,25,2
283,Nne,Obi,2013-07-05,Female,2019-09-01,7093334444,25,2
284,Chinelo,Obi,2014-10-15,Female,2019-09-01,7093334444,25,2
285,Efe,Igbinedion,2012-07-20,Male,2019-09-01,7081112222,25,2
286,Eseosa,Igbinedion,2014-04-12,Female,2019-09-01,7081112222,25,2
287,Ufuoma,Oki,2013-01-20,Female,2019-09-01,9133334444,25,2
288,Tarila,Oki,2014-07-20,Male,2019-09-01,9133334444,25,2
289,Terna,Iorver,2013-03-15,Male,2019-09-01,8055556666,25,2
290,Mfon,Iorver,2014-05-10,Female,2019-09-01,8055556666,25,2
291,Etido,Akpan,2013-09-01,Male,2019-09-01,7077778888,26,3
292,Ekaette,Akpan,2012-05-10,Female,2019-09-01,7077778888,26,3
293,Oche,Musa,2013-07-05,Male,2019-09-01,9099990000,26,3
294,Amina,Musa,2014-11-25,Female,2019-09-01,9099990000,26,3
295,Hauwa,Abdullahi,2013-09-01,Female,2019-09-01,8111112222,26,3
296,Aliyu,Abdullahi,2014-07-05,Male,2019-09-01,8111112222,26,3
297,Gozie,Anyanwu,2013-11-25,Male,2019-09-01,7133334444,26,3
298,Amaka,Anyanwu,2014-03-12,Female,2020-01-10,7133334444,26,3
299,Jide,Adeyemi,2013-01-20,Male,2019-09-01,8155556666,26,3
300,Tayo,Adeyemi,2014-01-20,Male,2019-09-01,8155556666,26,3
301,Yinka,Balogun,2013-03-15,Female,2019-09-01,9177778888,26,3
302,Funmi,Balogun,2014-05-10,Female,2019-09-01,9177778888,26,3
303,Sadiq,Usman,2013-05-10,Male,2019-09-01,8199990000,26,3
304,Hadiza,Usman,2014-02-18,Female,2019-09-01,8199990000,26,3
305,Omawumi,Briggs,2013-12-10,Female,2019-09-01,8031112222,26,3
306,Boma,Briggs,2012-09-01,Female,2019-09-01,8031112222,26,3
307,Wura,Adeyemi,2013-02-05,Female,2019-09-01,7063334444,26,3
308,Ifeoma,Nwachukwu,2013-04-01,Female,2019-09-01,9015556666,26,3
309,Etido,Akpan,2014-05-12,Male,2020-09-01,8031112222,27,4
310,Itoro,Akpan,2015-04-10,Female,2020-09-01,8031112222,27,4
311,Tersoo,Iorver,2014-07-05,Male,2020-09-01,9015556666,27,4
312,Mfon,Iorver,2015-03-15,Female,2021-01-10,9015556666,27,4
313,Tamuno,Dokubo,2014-09-01,Male,2020-09-01,8187778888,27,4
314,Boma,Dokubo,2014-09-01,Female,2020-09-01,8187778888,27,4
315,Ebiere,Amadi,2014-11-25,Female,2020-09-01,7049990000,27,4
316,Tarila,Amadi,2015-08-14,Male,2021-01-12,7049990000,27,4
317,Zimako,Onuoha,2014-01-20,Male,2020-09-01,8021112223,27,4
318,Adaora,Onuoha,2014-01-20,Female,2020-09-01,8021112223,27,4
319,Tobi,Adeyemi,2013-03-04,Male,2020-09-01,8055556666,27,4
320,Lola,Adeyemi,2014-08-22,Female,2020-09-01,8055556666,27,4
321,Kemi,Balogun,2014-05-15,Female,2020-09-01,9099990000,27,4
322,Yemi,Balogun,2015-10-10,Male,2021-04-18,9099990000,27,4
323,Nonso,Eze,2014-02-18,Male,2020-09-01,8111112222,27,4
324,Kamsi,Eze,2013-12-05,Female,2020-09-01,8111112222,27,4
325,Soji,Olowu,2014-04-12,Male,2020-09-01,7133334444,27,4
326,Ekaette,Akpan,2013-09-30,Female,2020-09-01,7133334444,27,4
327,Oche,Musa,2014-06-25,Male,2020-09-01,8155556666,28,5
328,Hauwa,Musa,2013-01-15,Female,2020-09-01,8155556666,28,5
329,Gozie,Anyanwu,2014-03-22,Male,2020-09-01,9177778888,28,5
330,Amaka,Anyanwu,2015-08-12,Female,2021-04-10,9177778888,28,5
331,Jide,Adeyemi,2014-10-05,Male,2020-09-01,8199990000,28,5
332,Yinka,Adeyemi,2014-10-05,Female,2020-09-01,8199990000,28,5
333,Sadiq,Usman,2013-04-14,Male,2020-09-01,8031112222,28,5
334,Hadiza,Usman,2015-02-20,Female,2021-01-12,8031112222,28,5
335,Omawumi,Briggs,2014-11-11,Female,2020-09-01,7063334444,28,5
336,Boma,Briggs,2013-12-30,Female,2020-09-01,7063334444,28,5
337,Wura,Adeyemi,2014-07-07,Female,2020-09-01,9015556666,28,5
338,Tobi,Adeyemi,2015-09-09,Male,2021-04-15,9015556666,28,5
339,Funke,Akindele,2014-03-04,Female,2020-09-01,8187778888,28,5
340,Segun,Ajayi,2013-11-20,Male,2020-09-01,7049990000,28,5
341,Lola,Ajayi,2015-05-15,Female,2021-01-10,7049990000,28,5
342,Yetunde,Balogun,2014-10-10,Female,2020-09-01,8021112223,28,5
343,Folake,Balogun,2014-10-10,Female,2020-09-01,8021112223,28,5
344,Uche,Obi,2013-08-25,Male,2020-09-01,8055556666,28,5
345,Chinelo,Obi,2015-03-30,Female,2021-04-20,8055556666,28,5
346,Sade,Okonkwo,2014-05-12,Female,2020-09-01,9099990000,28,5
347,Musa,Abubakar,2013-05-12,Male,2018-09-01,8051112223,29,1
348,Aisha,Abubakar,2013-05-12,Female,2018-09-01,8051112223,29,1
349,Efe,Osaze,2013-03-22,Female,2018-09-01,7012223334,29,1
350,Benson,Osaze,2014-11-11,Male,2019-01-10,7012223334,29,1
351,Kelechi,Iheanacho,2013-02-14,Male,2018-09-01,8039998887,29,1
352,Chioma,Iheanacho,2012-11-11,Female,2018-09-01,8039998887,29,1
353,Bolaji,Abdullahi,2013-07-07,Male,2018-09-01,8073334445,29,1
354,Fatima,Abdullahi,2013-07-07,Female,2018-09-01,8073334445,29,1
355,Damilola,Bakare,2012-09-09,Female,2018-09-01,8061119999,29,1
356,Tunde,Bakare,2014-04-04,Male,2019-01-12,8061119999,29,1
357,Chidi,Opara,2013-04-04,Male,2018-09-01,7082227777,29,1
358,Amaka,Opara,2013-04-04,Female,2018-09-01,7082227777,29,1
359,Sadiq,Umar,2012-01-01,Male,2018-09-01,8156662222,29,1
360,Hauwa,Umar,2014-05-15,Female,2019-04-20,8156662222,29,1
361,Jide,Kosoko,2013-11-20,Male,2018-09-01,7048884444,29,1
362,Wura,Kosoko,2013-03-10,Female,2018-09-01,7048884444,29,1
363,Gozie,Onu,2012-07-25,Male,2018-09-01,8031116666,29,1
364,Ifeoma,Onu,2012-12-05,Female,2018-09-01,8031116666,29,1
365,Danladi,Jakande,2013-02-18,Male,2018-09-01,8133338888,30,2
366,Aminu,Jakande,2014-09-12,Male,2019-01-15,8133338888,30,2
367,Funmi,Ajayi,2013-04-10,Female,2018-09-01,9015556666,30,2
368,Segun,Ajayi,2012-11-15,Male,2018-09-01,9015556666,30,2
369,Yemi,Ogunleye,2012-06-05,Male,2018-09-01,8199990000,30,2
370,Bola,Ogunleye,2013-02-15,Female,2018-09-01,8199990000,30,2
371,Nonso,Eze,2011-08-01,Male,2018-09-01,8111112222,30,2
372,Kamsi,Eze,2013-05-10,Female,2018-09-01,8111112222,30,2
373,Ayo,Adenuga,2012-03-15,Male,2018-09-01,8187778888,30,2
374,Titi,Adenuga,2013-05-01,Female,2018-09-01,8187778888,30,2
375,Soji,Olowu,2012-05-10,Male,2018-09-01,7049990000,30,2
376,Olabisi,Olowu,2013-12-10,Female,2018-09-01,7049990000,30,2
377,Nne,Obi,2012-07-05,Female,2018-09-01,7093334444,30,2
378,Chinelo,Obi,2013-10-15,Female,2018-09-01,7093334444,30,2
379,Efe,Igbinedion,2011-07-20,Male,2018-09-01,7081112222,30,2
380,Eseosa,Igbinedion,2013-04-12,Female,2018-09-01,7081112222,30,2
381,Ufuoma,Oki,2012-01-20,Female,2018-09-01,9133334444,30,2
382,Tarila,Oki,2013-07-20,Male,2018-09-01,9133334444,30,2
383,Terna,Iorver,2012-03-15,Male,2018-09-01,8055556666,30,2
384,Mfon,Iorver,2013-05-10,Female,2018-09-01,8055556666,30,2
385,Tayo,Adeyemi,2021-05-12,Male,2025-09-01,8031234567,1,1
386,Bisi,Adeyemi,2021-05-12,Female,2025-09-01,8031234567,1,1
387,Chisom,Okafor,2022-02-10,Female,2025-09-01,7032221110,1,1
388,Obinna,Okafor,2020-11-30,Male,2025-01-12,7032221110,1,1
389,Amina,Musa,2021-08-15,Female,2025-09-01,9055554444,1,1
390,Umar,Musa,2021-08-15,Male,2025-09-01,9055554444,1,1
391,Zainab,Abdullahi,2022-03-04,Female,2025-04-20,8021112223,1,1
392,Fatima,Abdullahi,2020-05-20,Female,2025-09-01,8021112223,1,1
393,Tobi,Ajayi,2021-07-19,Male,2025-09-01,8123334445,1,1
394,Lola,Ajayi,2021-07-19,Female,2025-09-01,8123334445,1,1
395,Emeka,Nwachukwu,2021-01-15,Male,2025-09-01,7061112223,1,1
396,Chidi,Nwachukwu,2021-12-05,Male,2025-01-12,7061112223,1,1
397,Nneka,Eze,2022-06-10,Female,2025-04-22,8034445556,1,1
398,Kelechi,Eze,2020-02-28,Male,2025-09-01,8034445556,1,1
399,Ibrahim,Hassan,2021-04-12,Male,2025-09-01,9011110000,1,1
400,Segun,Olowu,2021-09-30,Male,2025-09-01,7055556667,1,1
